Workbook
Name _FPD: #REF!
Name aa: '[1]Base datos tarifas'!#REF!
Name aa: '[1]Base datos tarifas'!#REF!
Name aa: '[1]Base datos tarifas'!#REF!
Name aa: '[1]Base datos tarifas'!#REF!
Name AccessDataLookup: #REF!
Name ACP: #REF!
Name ADUANAS: 'Sucursal, Aduana, Proveedor'!$E$6:$E$18
Name AEREA: 'Sucursal, Aduana, Proveedor'!$F$15:$F$18
Name BDP: #REF!,#REF!,#REF!
Name CDMX: 'Sucursal, Aduana, Proveedor'!$H$89:$H$98
Name CDP: #REF!
Name CDU: #REF!,#REF!,#REF!
Name CHIHUAHUA: 'Sucursal, Aduana, Proveedor'!$C$89:$C$98
Name CLASEADUANA: 'Sucursal, Aduana, Proveedor'!$F$6:$F$8
Name COMPOS: #REF!
Name CON: #REF!
Name CP: #REF!
Name DEDP: #REF!
Name DORNER: 'Proveedor, Mercancia'!$B$6:$B$13
Name FDP: #REF!
Name FDPP: #REF!
Name FP: #REF!
Name FPD: #REF!
Name FRONTERIZA: 'Sucursal, Aduana, Proveedor'!$F$10:$F$13
Name GAS: #REF!
Name HERMOSILLO: 'Sucursal, Aduana, Proveedor'!$K$89:$K$98
Name HYTROL: 'Proveedor, Mercancia'!$C$6:$C$13
Name IF: #REF!
Name IM: #REF!
Name Importacionaerea: '[1]Base datos tarifas'!#REF!
Name Importacionaerea: '[1]Base datos tarifas'!#REF!
Name Importacionaerea: '[1]Base datos tarifas'!#REF!
Name Importacionaerea: '[1]Base datos tarifas'!#REF!
Name INTECHMOTION: 'Proveedor, Mercancia'!$G$6:$G$13
Name INV: #REF!
Name JUAREZ: 'Sucursal, Aduana, Proveedor'!$D$89:$D$98
Name M: #REF!
Name maintable: #REF!
Name MARITIMA: 'Sucursal, Aduana, Proveedor'!$F$20:$F$21
Name MEXICALI: 'Sucursal, Aduana, Proveedor'!$L$89:$L$98
Name MIR: 'Proveedor, Mercancia'!$E$6:$E$13
Name MONTERREY: 'Sucursal, Aduana, Proveedor'!$G$89:$G$98
Name MTY: '[1]Base datos tarifas'!#REF!
Name MTY: '[1]Base datos tarifas'!#REF!
Name MTY: '[1]Base datos tarifas'!#REF!
Name MTY: '[1]Base datos tarifas'!#REF!
Name NOGALES: 'Sucursal, Aduana, Proveedor'!$J$89:$J$98
Name noooo: '[1]Base datos tarifas'!#REF!
Name noooo: '[1]Base datos tarifas'!#REF!
Name noooo: '[1]Base datos tarifas'!#REF!
Name noooo: '[1]Base datos tarifas'!#REF!
Name OFP: #REF!
Name P: #REF!
Name Proveedor: '[1]Base datos tarifas'!#REF!
Name Proveedor: '[1]Base datos tarifas'!#REF!
Name Proveedor: '[1]Base datos tarifas'!#REF!
Name Proveedor: '[1]Base datos tarifas'!#REF!
Name PROVEEDORES: 'Proveedor, Mercancia'!$A$6:$A$30
Name PUEBLA: 'Sucursal, Aduana, Proveedor'!$I$89:$I$98

Sheet Proveedor, Mercancia
A1: Fracciones Arancelarias por Proveedor
A2: Versión | B2: Revisión | C2: Fecha de actualizacion
A3: 1 | B3: 0
A5: Proveedor | B5: Dorner | C5: Hytrol | D5: Southworth | E5: MiR | F5: UR | G5: Intechmotion | H5: OnRobot | I5: Robotiq | J5: Dellner | K5: Italvibras
A6: Dorner | B6: Transportador de banda con accesorios | C6: Partes para transportador | D6: Mesa de elevación con sus accesorios | E6: Cargador de baterías 48v 12a | F6: Brazo robotico para uso industrial con accesorios para su instalacion y funcionamiento | G6: Transportador de cadena plástica
A7: Hytrol | B7: Banda de plastico con refuerzo textil | C7: Transportador de banda con accesorios | D7: Carretilla manual con sistema de elevacion | E7: Juego de baterías recargables de litio con sus accesorios para instalación | F7: Partes para robot industrial | G7: Perfil de aluminio
A8: Southworth | B8: Motorreductor | C8: Transportador de gravedad con accesorios | E8: Robot industrial para manipulación de mercancia con sus accesorios
A9: MiR | B9: Partes para transportador | C9: Transportador de rodillos con accesorios | E9: Partes para robot industrial
A10: UR | C10: Rodillo para transportador | E10: Circuitos Modulares
A11: Intechmotion | C11: Banda transportadora de plástico

Sheet Fraccion Arancelaria
A1: Catálogo de Fracciones Arancelarias
A2: Versión | B2: Revisión | C2: Fecha de actualizacion
A3: 1 | B3: 0
A5: Versión | B5: Revisión
A6: CERTIFICADO DE ORIGEN | B6: SI
B7: NO
A9: Proveedores | B9: Parte / Equipo | C9: Fracción Arancelaria | D9: DESCRIPCIÓN EN PEDIMENTO | E9: Tasa IGI | F9: RRNA
A10: DELLNER | B10: ACOPLAMIENTO FLEXIBLE PARA EMBRAGUE | C10: 8483609900 | D10: Acoplamiento flexible para embrague | E10: 0.1
A11: ACCESORIOS | B11: IN-IN GUSSET & SET SCREWS 10MM | C11: 7616999999 | D11: Manufactura de aluminio | E11: 0.15
A12: MiR | B12: ROBOTS INDUSTRIALES MIR | C12: 8428700100 | D12: Robot industrial para manipulación de mercancia con sus accesorios | E12: 0.15
A13: MiR | B13: ROBOTS INDUSTRIALES MIR | C13: 8428700100 | D13: Robot industrial para manipulación de mercancia con sus accesorios | E13: 0.15
A14: MiR | B14: ROBOTS INDUSTRIALES MIR | C14: 8428700100 | D14: Robot industrial para manipulación de mercancia con sus accesorios | E14: 0.15
A15: SOUTHWORTH | B15: MESAS SOUTHWORTH | C15: 8428909999 | D15: Mesa de elevación con sus accesorios | E15: 0.15
A16: SOUTHWORTH | B16: CARRETILLA MANUAL | C16: 8427909100 | D16: Carretilla manual con sistema de elevacion | E16: 0.15
A17: ACCESORIOS | B17: SUJETADOR DE METAL | C17: 7326909999 | D17: Manufactura de metal | E17: 0.25
A18: ACCESORIOS | B18: TORNILLOS | C18: 7318159908 | D18: Tornillos con diámetro igual o superior a 19.1 mm (¾ pulgada) y longitud igual o superior a 152.4 mm | E18: 0.25
A19: ACCESORIOS | B19: TORNILLOS | C19: 7318159907 | D19: Tornillos con diámetro igual o superior a 19.1 mm (¾ pulgada) y longitud inferior a 152.4 mm | E19: 0.25
A20: ACCESORIOS | B20: TORNILLOS | C20: 7318159906 | D20: Tornillos con diámetro igual o superior a 6.4 mm (¼ pulgada) pero inferior a 19.1 mm (¾ pulgada) y longitud igual o superior a 152.4 mm | E20: 0.25
A21: ACCESORIOS | B21: TORNILLOS | C21: 7318159905 | D21: Tornillos con diámetro igual o superior a 6.4 mm (¼ pulgada) pero inferior a 19.1 mm (¾ pulgada) y longitud inferior a 152.4 mm | E21: 0.25
... A51: UNIVERSAL ROBOTS | B51: BRAZOS ROBOTICOS UR | C51: 8479500100 | D51: Brazo robotico para uso industrial con accesorios para su instalacion y funcionamiento | E51: 0
A52: DORNER | B52: PARTES PARA TRANSPORTADOR DORNER | D52: Partes para transportador
A53: UNIVERSAL ROBOTS | B53: PARTES PARA ROBOT | C53: 8479901899 | D53: Partes para robot industrial | E53: 0
A54: MiR | B54: PARTES PARA ROBOT | C54: 8479901899 | D54: Partes para robot industrial | E54: 0

Sheet Bodega, Recinto, A.A.
A1: Tarifarios de Agencia Aduanal, Bodega y Recinto
A2: Versión | C2: Revisión | D2: Fecha de actualizacion
A3: 1 | C3: 1
A5: VALOR MERCANCIA | B5: CANTIDAD BULTOS | C5: PESO LBS | D5: TIPO EMBARQUE | E5: PROVEEDOR
A6: =GUIALOG!$P$55 -> 123590 | B6: =GUIALOG!$P$88 -> 3 | C6: =GUIALOG!$P$89 -> Embalaje URe | D6: =GUIALOG!P113 -> FTL 53´ | E6: =GUIALOG!P110 -> UR
A9: COSTO BODEGA POR AGENCIA ADUANAL ZONA - SUC
A10: ADUANA | B10: ZONA | C10: AGENCIA | D10: AGENCIA | E10: FORMULA
B11: ZONA | C11: AGENCIA | D11: AGENCIA
A12: El Paso | B12: A | C12: A1, A3, A4 | D12: MARON | E12: =G29 -> 400
A13: Laredo | B13: B | C13: B2, B3 | D13: 1780 | E13: =G30 -> 700
A14: Nogales | B14: C | C14: C4 | D14: PRL | E14: =G31 -> 400
A15: San Diego | B15: D | C15: D5 | D15: SICA | E15: =G32 -> 750
A16: Monterrey | B16: E | C16: E2,E3 | D16: PALCO | E16: =G33 -> 250
A17: AICM | B17: F | C17: F3 | D17: PALCO | E17: =G34 -> 250
A18: Cd. Juarez | B18: G | C18: G1, G2, G3 | D18: MARON | E18: =G35 -> 138.88889
A19: Tijuana | B19: H | C19: H4, H5 | D19: SICA | E19: =G36 -> 138.88889
A20: Altamira | B20: I | C20: I1, I2, I3, I4, I5 | D20: PALCO | E20: =G37 -> 500
A21: Manzanillo | B21: J | C21: J1, J2, J3, J4, J5 | D21: ALIANZA | E21: =G38 -> 500
A24: TARIFAS DE BODEGAS Y RECINTOS AEREOS
A25: ADUANA | B25: AGENCIA | C25: TARIFA MIN. IMPORTACION | D25: TARIFA POR CONSOLIDADO | E25: TARIFA CARGA COMPLETA | F25: TRAMITE IN-BOND (Adicional) | G25: CALCULO COSTO POR OPERACIÓN
A26: Fronteriza | C26: 1 - 3 SKD | D26: 3 - 9 SKD | E26: 10+ SKD
A27: Aerea | C27: < 500KG | D27: 500KG | E27: 1000KG
A28: Maritima | C28: LCL < 1000 KG | D28: LCL > 1000 KG | E28: FCL <> 20000 KG
A29: El Paso | B29: MARON | C29: 200 | D29: 250 | E29: 400 | F29: 165 | G29: =IF($C$6<1000,C29,IF(AND($C$6>999,$C$6<2000),D29,E29)) -> 400
A30: Laredo | B30: 1780 | C30: 400 | D30: 550 | E30: 700 | F30: 165 | G30: =IF($C$6<1000,C30,IF(AND($C$6>999,$C$6<2000),D30,E30)) -> 700
A31: Nogales | B31: PRL | C31: 200 | D31: 250 | E31: 400 | F31: 165 | G31: =IF($C$6<1000,C31,IF(AND($C$6>999,$C$6<2000),D31,E31)) -> 400
A32: San Diego | B32: SICA | C32: 230 | D32: 350 | E32: 750 | F32: 295 | G32: =IF($C$6<1000,C32,IF(AND($C$6>999,$C$6<2000),D32,E32)) -> 750
A33: Monterrey | B33: PALCO | C33: 138.88889 | D33: 194.44444 | E33: 250 | F33: 0 | G33: =IF($C$6<1000,C33,IF(AND($C$6>999,$C$6<2000),D33,E33)) -> 250
A34: AICM | B34: PALCO | C34: 138.88889 | D34: 194.44444 | E34: 250 | F34: 0 | G34: =IF($C$6<1000,C34,IF(AND($C$6>999,$C$6<2000),D34,E34)) -> 250
A35: Cd. Juarez | B35: MARON | C35: 61.111111 | D35: 105.55556 | E35: 138.88889 | F35: 0 | G35: =IF($C$6<1000,C35,IF(AND($C$6>999,$C$6<2000),D35,E35)) -> 138.88889
A36: Tijuana | B36: SICA | C36: 61.111111 | D36: 105.55556 | E36: 138.88889 | F36: 0 | G36: =IF($C$6<1000,C36,IF(AND($C$6>999,$C$6<2000),D36,E36)) -> 138.88889
A37: Altamira | B37: PALCO | C37: =5000/18 -> 277.77778 | D37: =7000/18 -> 388.88889 | E37: =9000/18 -> 500 | F37: 0 | G37: =IF($C$6<1000,C37,IF(AND($C$6>999,$C$6<2000),D37,E37)) -> 500
A38: Manzanillo | B38: ALIANZA | C38: =5000/18 -> 277.77778 | D38: =7000/18 -> 388.88889 | E38: =9000/18 -> 500 | F38: 0 | G38: =IF($C$6<1000,C38,IF(AND($C$6>999,$C$6<2000),D38,E38)) -> 500
A42: HONORARIOS AGENCIA ADUANAL POR ZONA - SUC
A43: ADUANA | B43: ZONA | C43: AGENCIA | D43: AGENCIA | E43: FORMULA
B44: ZONA | C44: AGENCIA | D44: AGENCIA
A45: El Paso | B45: A | C45: A1, A3, A4 | D45: MARON | E45: =(0.0035*$A$6)+40+80 -> 552.565
A46: Laredo | B46: B | C46: B2, B3 | D46: 1780 | E46: =(180+(0.0045*$A$6)) -> 736.155
A47: Nogales | B47: C | C47: C4 | D47: PRL | E47: =($A$6*0.0125)+116 -> 1660.875
A48: San Diego | B48: D | C48: D5 | D48: SICA | E48: =IF($A$6<5000,160,IF($A$6<8000,167,IF($A$6<10000,197,IF($A$6<12000,233,IF($A$6<15000,260,IF($A$6<25000,321,($A$6*0.005))))))) -> 617.95
A49: Monterrey | B49: E | C49: E2,E3 | D49: PALCO | E49: =180+(0.003*$A$6)+60+60 -> 670.77
A50: AICM | B50: F | C50: F3 | D50: PALCO | E50: =180+(0.003*$A$6)+60+60 -> 670.77
A51: Cd. Juarez | B51: G | C51: G1, G2, G3 | D51: MARON | E51: =(0.006*$A$6)+40+80 -> 861.54
A52: Tijuana | B52: H | C52: H4, H5 | D52: SICA | E52: =IF($A$6<5000,160,IF($A$6<8000,167,IF($A$6<10000,197,IF($A$6<12000,233,IF($A$6<15000,260,IF($A$6<25000,321,($A$6*0.005))))))) -> 617.95
A53: Altamira | B53: I | C53: I1, I2, I3, I4, I5 | D53: PALCO | E53: =300+(0.003*$A$6)+180+60 -> 910.77
A54: Manzanillo | B54: J | C54: J1, J2, J3, J4, J5 | D54: ALIANZA | E54: =300+(0.003*$A$6)+180+60 -> 910.77
A63: TABLA DE PRORRATEO DE TARIFAS
A64: BODEGA | B64: DATOS | C64: Tarifa USD
A65: EL PASO, LAREDO, SAN DIEGO | B65: VALOR USD IMPORTACION | C65: 15000
B66: COSTO MIN. BODEGA | C66: 650
B67: FACTOR COSTO BODEGA X FACTURA | C67: =C66/C65 -> 0.043333333
B68: COSTO DE PARTES | C68: 4200
B69: COSTO DE BODEGA X FACTURA | C69: =C67*C68 -> 182
A71: Sucursales | B71: ZONA # | C71: Proveedor | D71: # | E71: Aduanas | F71: Tipo de Aduana | G71: ZONA #
A72: Chihuahua | B72: 1 | C72: Dorner | D72: 0.01 | E72: El Paso | F72: Fronteriza | G72: X
A73: Cd. Juarez | B73: 1 | C73: Hytrol | D73: 0.02 | E73: Laredo | F73: Aerea | G73: Y
A74: Saltillo | B74: 2 | C74: Southworth | D74: 0.03 | E74: Nogales | F74: Maritima | G74: Z
A75: Torreon | B75: 2 | C75: MiR | D75: 0.04 | E75: San Diego | F75: Fronteriza
A76: Monterrey | B76: 2 | C76: UR | D76: 0.05 | E76: Monterrey | F76: El Paso | G76: A
A77: CDMX | B77: 2 | C77: Qimarox | D77: 0.06 | E77: AICM | F77: Laredo | G77: B
A78: Puebla | B78: 3 | C78: Intechmotion | D78: 0.07 | E78: Cd. Juarez | F78: Nogales | G78: C
A79: Nogales | B79: 4 | D79: 0.08 | E79: Tijuana | F79: San Diego | G79: D
A80: Hermosillo | B80: 4 | D80: 0.09 | E80: Altamira | F80: Aerea
A81: Mexicali | B81: 5 | D81: 0.1 | E81: Manzanillo | F81: Monterrey | G81: E
A82: Tijuana | B82: 5 | D82: 0.11 | F82: AICM | G82: F
D83: 0.12 | F83: Cd. Juarez | G83: G
F84: Tijuana | G84: H
F85: Maritima
F86: Altamira | G86: I
F87: Manzanillo | G87: J
A96: RUTAS IMPORTACION ADUANA-SUCURSAL DEDICADOS | F96: RUTAS IMPORTACION ADUANA-SUCURSAL CONSOLIDADO
A97: PROVEEDOR | B97: SUCURSAL DESTINO | C97: RUTA | D97: BODEGA - RECINTO | F97: PROVEEDOR | G97: SUCURSAL DESTINO | H97: RUTA | I97: CONSOLIDADO
A98: El Paso | B98: Chihuahua | C98: =CONCATENATE(A98,B98,) -> El PasoChihuahua | F98: El Paso | G98: Chihuahua | H98: =CONCATENATE(F98,G98,) -> El PasoChihuahua | I98: =2*4 -> 8
A99: El Paso | B99: Cd. Juarez | C99: =CONCATENATE(A99,B99,) -> El PasoCd. Juarez | F99: El Paso | G99: Cd. Juarez | H99: =CONCATENATE(F99,G99,) -> El PasoCd. Juarez | I99: 15
A100: El Paso | B100: Puebla | C100: =CONCATENATE(A100,B100,) -> El PasoPuebla | F100: El Paso | G100: Puebla | H100: =CONCATENATE(F100,G100,) -> El PasoPuebla | I100: 135
A101: El Paso | B101: Nogales | C101: =CONCATENATE(A101,B101,) -> El PasoNogales | F101: El Paso | G101: Nogales | H101: =CONCATENATE(F101,G101,) -> El PasoNogales | I101: 4741
A102: El Paso | B102: Hermosillo | C102: =CONCATENATE(A102,B102,) -> El PasoHermosillo | F102: El Paso | G102: Hermosillo | H102: =CONCATENATE(F102,G102,) -> El PasoHermosillo | I102: 4
A103: Laredo | B103: Saltillo | C103: =CONCATENATE(A103,B103,) -> LaredoSaltillo | F103: Laredo | G103: Saltillo | H103: =CONCATENATE(F103,G103,) -> LaredoSaltillo | I103: 158
A104: Laredo | B104: Torreon | C104: =CONCATENATE(A104,B104,) -> LaredoTorreon | F104: Laredo | G104: Torreon | H104: =CONCATENATE(F104,G104,) -> LaredoTorreon | I104: 164
A105: Laredo | B105: Monterrey | C105: =CONCATENATE(A105,B105,) -> LaredoMonterrey | F105: Laredo | G105: Monterrey | H105: =CONCATENATE(F105,G105,) -> LaredoMonterrey | I105: 46487
A106: Laredo | B106: CDMX | C106: =CONCATENATE(A106,B106,) -> LaredoCDMX | F106: Laredo | G106: CDMX | H106: =CONCATENATE(F106,G106,) -> LaredoCDMX | I106: 77
A107: Laredo | B107: Puebla | C107: =CONCATENATE(A107,B107,) -> LaredoPuebla | F107: Laredo | G107: Puebla | H107: =CONCATENATE(F107,G107,) -> LaredoPuebla | I107: 999
A108: Nogales | B108: Nogales | C108: =CONCATENATE(A108,B108,) -> NogalesNogales | F108: Nogales | G108: Nogales | H108: =CONCATENATE(F108,G108,) -> NogalesNogales | I108: 7785
A109: Nogales | B109: Hermosillo | C109: =CONCATENATE(A109,B109,) -> NogalesHermosillo | F109: Nogales | G109: Hermosillo | H109: =CONCATENATE(F109,G109,) -> NogalesHermosillo | I109: 751
A110: Nogales | B110: Mexicali | C110: =CONCATENATE(A110,B110,) -> NogalesMexicali | F110: Nogales | G110: Mexicali | H110: =CONCATENATE(F110,G110,) -> NogalesMexicali | I110: 751
... A123: Manzanillo | B123: Sucursales | C123: =CONCATENATE(A123,B123,) -> ManzanilloSucursales | F123: Manzanillo | G123: Sucursales | H123: =CONCATENATE(F123,G123,) -> ManzanilloSucursales | I123: 751
A130: RUTAS IMPORTACION ADUANA-SUCURSAL DEDICADOS
A131: PROVEEDOR | B131: SUCURSAL DESTINO | C131: RUTA | D131: FTL | E131: RABON | F131: 3.5
A132: El Paso | B132: Chihuahua | C132: =CONCATENATE(A132,B132,) -> El PasoChihuahua | D132: =2*4 -> 8
A133: El Paso | B133: Cd. Juarez | C133: =CONCATENATE(A133,B133,) -> El PasoCd. Juarez | D133: 15
A134: El Paso | B134: Puebla | C134: =CONCATENATE(A134,B134,) -> El PasoPuebla | D134: 135
A135: El Paso | B135: Nogales | C135: =CONCATENATE(A135,B135,) -> El PasoNogales | D135: 4741
A136: El Paso | B136: Hermosillo | C136: =CONCATENATE(A136,B136,) -> El PasoHermosillo | D136: 4
A137: Laredo | B137: Saltillo | C137: =CONCATENATE(A137,B137,) -> LaredoSaltillo | D137: 158
A138: Laredo | B138: Torreon | C138: =CONCATENATE(A138,B138,) -> LaredoTorreon | D138: 164
A139: Laredo | B139: Monterrey | C139: =CONCATENATE(A139,B139,) -> LaredoMonterrey | D139: 46487
A140: Laredo | B140: CDMX | C140: =CONCATENATE(A140,B140,) -> LaredoCDMX | D140: 77
A141: Laredo | B141: Puebla | C141: =CONCATENATE(A141,B141,) -> LaredoPuebla | D141: 999
A142: Nogales | B142: Nogales | C142: =CONCATENATE(A142,B142,) -> NogalesNogales | D142: 7785
A143: Nogales | B143: Hermosillo | C143: =CONCATENATE(A143,B143,) -> NogalesHermosillo | D143: 751
...

Sheet Sucursal, Aduana, Proveedor
A1: Catálogo de sucursales, aduanas y proveedores, de importacion terrestre
A2: Versión | C2: Revisión | F2: Fecha de actualizacion
A3: 1 | C3: 0
A5: Sucursales | B5: ZONA # | C5: Proveedor | D5: # | E5: Aduanas | F5: Tipo de Aduana | G5: ZONA #
A6: Chihuahua | B6: 1 | C6: Dorner | D6: 0.01 | E6: El Paso | F6: Fronteriza | G6: X
A7: Juarez | B7: 1 | C7: Hytrol | D7: 0.02 | E7: Laredo | F7: Aerea | G7: Y
A8: Saltillo | B8: 2 | C8: Southworth | D8: 0.03 | E8: Nogales | F8: Maritima | G8: Z
A9: Torreon | B9: 2 | C9: MiR | D9: 0.04 | E9: San Diego | F9: Fronteriza
A10: Monterrey | B10: 2 | C10: UR | D10: 0.05 | E10: Monterrey | F10: El Paso | G10: A
A11: CDMX | B11: 2 | C11: Qimarox | D11: 0.06 | E11: AICM | F11: Laredo | G11: B
A12: Puebla | B12: 3 | C12: Intechmotion | D12: 0.07 | E12: Cd. Juarez | F12: Nogales | G12: C
A13: Nogales | B13: 4 | D13: 0.08 | E13: Tijuana | F13: San Diego | G13: D
A14: Hermosillo | B14: 4 | D14: 0.09 | E14: Altamira | F14: Aerea
A15: Mexicali | B15: 5 | D15: 0.1 | E15: Manzanillo | F15: Monterrey | G15: E
A16: Tijuana | B16: 5 | D16: 0.11 | F16: AICM | G16: F
D17: 0.12 | F17: Cd. Juarez | G17: G
F18: Tijuana | G18: H
F19: Maritima
F20: Altamira | G20: I
F21: Manzanillo | G21: J
W24: *Hay dos formas de definir la aduana de entrada: i. Por el destino de la sucursal, ii. Por el origine del proveedor y destino de sucursal
A28: TABLAS DE CORRELACION SUCURSAL - PROVEEDOR
A29: PROV/SUC | C29: Chihuahua | D29: Cd. Juarez | E29: Saltillo | F29: Torreon | G29: Monterrey | H29: CDMX | I29: Puebla | J29: Nogales | K29: Hermosillo | L29: Mexicali | M29: Tijuana
A30: Dorner | C30: =$B$6+D6 -> 1.01 | D30: =$B$7+D6 -> 1.01 | E30: =$B$8+D6 -> 2.01 | F30: =$B$9+D6 -> 2.01 | G30: =$B$10+D6 -> 2.01 | H30: =$B$11+D6 -> 2.01 | I30: =$B$12+D6 -> 3.01 | J30: =$B$13+D6 -> 4.01 | K30: =$B$14+D6 -> 4.01 | L30: 5.01 | M30: =$B$16+D6 -> 5.01
A31: Hytrol | C31: =$B$6+D7 -> 1.02 | D31: =$B$7+D7 -> 1.02 | E31: =$B$8+D7 -> 2.02 | F31: =$B$9+D7 -> 2.02 | G31: =$B$10+D7 -> 2.02 | H31: =$B$11+D7 -> 2.02 | I31: =$B$12+D7 -> 3.02 | J31: =$B$13+D7 -> 4.02 | K31: =$B$14+D7 -> 4.02 | L31: 5.02 | M31: =$B$16+D7 -> 5.02
A32: Southworth | C32: =$B$6+D8 -> 1.03 | D32: =$B$7+D8 -> 1.03 | E32: =$B$8+D8 -> 2.03 | F32: =$B$9+D8 -> 2.03 | G32: =$B$10+D8 -> 2.03 | H32: =$B$11+D8 -> 2.03 | I32: =$B$12+D8 -> 3.03 | J32: =$B$13+D8 -> 4.03 | K32: =$B$14+D8 -> 4.03 | L32: 5.03 | M32: =$B$16+D8 -> 5.03
A33: MiR | C33: =$B$6+D9 -> 1.04 | D33: =$B$7+D9 -> 1.04 | E33: =$B$8+D9 -> 2.04 | F33: =$B$9+D9 -> 2.04 | G33: =$B$10+D9 -> 2.04 | H33: =$B$11+D9 -> 2.04 | I33: =$B$12+D9 -> 3.04 | J33: =$B$13+D9 -> 4.04 | K33: =$B$14+D9 -> 4.04 | L33: 5.04 | M33: =$B$16+D9 -> 5.04
A34: UR | C34: =$B$6+D10 -> 1.05 | D34: =$B$7+D10 -> 1.05 | E34: =$B$8+D10 -> 2.05 | F34: =$B$9+D10 -> 2.05 | G34: =$B$10+D10 -> 2.05 | H34: =$B$11+D10 -> 2.05 | I34: =$B$12+D10 -> 3.05 | J34: =$B$13+D10 -> 4.05 | K34: =$B$14+D10 -> 4.05 | L34: 5.05 | M34: =$B$16+D10 -> 5.05
A35: Qimarox | C35: =$B$6+D11 -> 1.06 | D35: =$B$7+D11 -> 1.06 | E35: =$B$8+D11 -> 2.06 | F35: =$B$9+D11 -> 2.06 | G35: =$B$10+D11 -> 2.06 | H35: =$B$11+D11 -> 2.06 | I35: =$B$12+D11 -> 3.06 | J35: =$B$13+D11 -> 4.06 | K35: =$B$14+D11 -> 4.06 | L35: 5.06 | M35: =$B$16+D11 -> 5.06
A36: Intechmotion | C36: =$B$6+D12 -> 1.07 | D36: =$B$7+D12 -> 1.07 | E36: =$B$8+D12 -> 2.07 | F36: =$B$9+D12 -> 2.07 | G36: =$B$10+D12 -> 2.07 | H36: =$B$11+D12 -> 2.07 | I36: =$B$12+D12 -> 3.07 | J36: =$B$13+D12 -> 4.07 | K36: =$B$14+D12 -> 4.07 | L36: 5.07 | M36: =$B$16+D12 -> 5.07
A37: TABLAS DE CORRELACION SUCURSAL - PROVEEDOR
A38: PROV/SUC | C38: Chihuahua | D38: Cd. Juarez | E38: Saltillo | F38: Torreon | G38: Monterrey | H38: CDMX | I38: Puebla | J38: Nogales | K38: Hermosillo | L38: Mexicali | M38: Tijuana
A39: Dorner | C39: =$B$6+D15 -> 1.1 | D39: =$B$7+D15 -> 1.1 | E39: =$B$8+D15 -> 2.1 | F39: =$B$9+D15 -> 2.1 | G39: =$B$10+D15 -> 2.1 | H39: =$B$11+D15 -> 2.1 | I39: =$B$12+D15 -> 3.1 | J39: =$B$13+D15 -> 4.1 | K39: =$B$14+D15 -> 4.1 | L39: 5.01 | M39: =$B$16+D15 -> 5.1
A40: Hytrol | C40: =$B$6+D16 -> 1.11 | D40: =$B$7+D16 -> 1.11 | E40: =$B$8+D16 -> 2.11 | F40: =$B$9+D16 -> 2.11 | G40: =$B$10+D16 -> 2.11 | H40: =$B$11+D16 -> 2.11 | I40: =$B$12+D16 -> 3.11 | J40: =$B$13+D16 -> 4.11 | K40: =$B$14+D16 -> 4.11 | L40: 5.02 | M40: =$B$16+D16 -> 5.11
A41: Southworth | C41: =$B$6+D17 -> 1.12 | D41: =$B$7+D17 -> 1.12 | E41: =$B$8+D17 -> 2.12 | F41: =$B$9+D17 -> 2.12 | G41: =$B$10+D17 -> 2.12 | H41: =$B$11+D17 -> 2.12 | I41: =$B$12+D17 -> 3.12 | J41: =$B$13+D17 -> 4.12 | K41: =$B$14+D17 -> 4.12 | L41: 5.03 | M41: =$B$16+D17 -> 5.12
A42: MiR | C42: =$B$6+D18 -> 1 | D42: =$B$7+D18 -> 1 | E42: =$B$8+D18 -> 2 | F42: =$B$9+D18 -> 2 | G42: =$B$10+D18 -> 2 | H42: =$B$11+D18 -> 2 | I42: =$B$12+D18 -> 3 | J42: =$B$13+D18 -> 4 | K42: =$B$14+D18 -> 4 | L42: 5.04 | M42: =$B$16+D18 -> 5
A43: UR | C43: =$B$6+D19 -> 1 | D43: =$B$7+D19 -> 1 | E43: =$B$8+D19 -> 2 | F43: =$B$9+D19 -> 2 | G43: =$B$10+D19 -> 2 | H43: =$B$11+D19 -> 2 | I43: =$B$12+D19 -> 3 | J43: =$B$13+D19 -> 4 | K43: =$B$14+D19 -> 4 | L43: 5.05 | M43: =$B$16+D19 -> 5
A44: Qimarox | C44: =$B$6+D20 -> 1 | D44: =$B$7+D20 -> 1 | E44: =$B$8+D20 -> 2 | F44: =$B$9+D20 -> 2 | G44: =$B$10+D20 -> 2 | H44: =$B$11+D20 -> 2 | I44: =$B$12+D20 -> 3 | J44: =$B$13+D20 -> 4 | K44: =$B$14+D20 -> 4 | L44: 5.06 | M44: =$B$16+D20 -> 5
A45: Intechmotion | C45: =$B$6+D21 -> 1 | D45: =$B$7+D21 -> 1 | E45: =$B$8+D21 -> 2 | F45: =$B$9+D21 -> 2 | G45: =$B$10+D21 -> 2 | H45: =$B$11+D21 -> 2 | I45: =$B$12+D21 -> 3 | J45: =$B$13+D21 -> 4 | K45: =$B$14+D21 -> 4 | L45: 5.07 | M45: =$B$16+D21 -> 5
A48: CORRELACION ADUANAS - SUCURSAL - PROVEEDOR
A49: Fronteriza | B49: El Paso | C49: Laredo | D49: Nogales | E49: San Diego | F49: Aerea | G49: Monterrey | H49: AICM | I49: Cd. Juarez | J49: Tijuana | K49: Maritima | L49: Altamira | M49: Manzanillo
B50: A | C50: B | D50: C | E50: D | G50: E | H50: F | I50: G | J50: H | L50: I | M50: J
B51: 1.01 | C51: 2.01 | D51: 4.01 | E51: 5.01 | G51: 2.05 | H51: 3.05 | I51: 1.05 | J51: 5.05 | L51: 1.06 | M51: 1.06
B52: 1.02 | C52: 2.02 | D52: 4.02 | E52: 5.02 | G52: 3.05 | I52: 3.05 | L52: 2.06 | M52: 2.06
B53: 1.03 | C53: 2.03 | D53: 4.03 | E53: 5.03 | I53: 4.05 | L53: 3.06 | M53: 3.06
B54: 1.04 | C54: 2.04 | D54: 4.04 | E54: 5.04 | L54: 4.06 | M54: 4.06
B55: 1.07 | C55: 2.07 | D55: 4.07 | E55: 5.07 | L55: 5.06 | M55: 5.06
B56: 3.01 | C56: 3.01
B57: 3.02 | C57: 3.02
B58: 3.03 | C58: 3.03
B59: 3.04 | C59: 3.04
B60: 3.07 | C60: 3.07
B61: 4.01
B62: 4.02
B63: 4.03
B64: 4.04
B65: 4.07
B68: MARON | C68: 1780 | D68: PRL | E68: SICA | G68: PALCO | H68: PALCO | I68: MARON | J68: SICA | L68: PALCO
A71: TABLAS DE CORRELACION SUCURSAL - ZONA ADUANA
B72: SUCURSAL | C72: Chihuahua | D72: Juarez | E72: Saltillo | F72: Torreon | G72: Monterrey | H72: CDMX | I72: Puebla | J72: Nogales | K72: Hermosillo | L72: Mexicali | M72: Tijuana
A73: ADUANA | B73: # ZONA | C73: 1 | D73: 1 | E73: 2 | F73: 2 | G73: 2 | H73: 2 | I73: 3 | J73: 4 | K73: 4 | L73: 4 | M73: 5
A74: El Paso | B74: A | C74: A1 | D74: A1 | E74: N/A | F74: N/A | G74: N/A | H74: N/A | I74: A3 | J74: A4 | K74: A4 | L74: N/A | M74: N/A
A75: Laredo | B75: B | C75: N/A | D75: N/A | E75: B2 | F75: B2 | G75: B2 | H75: B2 | I75: B3 | J75: N/A | K75: N/A | L75: N/A | M75: N/A
A76: Nogales | B76: C | C76: N/A | D76: N/A | E76: N/A | F76: N/A | G76: N/A | H76: N/A | I76: N/A | J76: C4 | K76: C4 | L76: C4 | M76: N/A
A77: San Diego | B77: D | C77: N/A | D77: N/A | E77: N/A | F77: N/A | G77: N/A | H77: N/A | I77: N/A | J77: N/A | K77: N/A | L77: N/A | M77: D5
A78: Monterrey | B78: E | C78: N/A | D78: N/A | E78: E2 | F78: E2 | G78: E2 | H78: E2 | I78: E3 | J78: N/A | K78: N/A | L78: N/A | M78: N/A
A79: AICM | B79: F | C79: N/A | D79: N/A | E79: N/A | F79: N/A | G79: N/A | H79: N/A | I79: F3 | J79: N/A | K79: N/A | L79: N/A | M79: N/A
A80: Cd. Juarez | B80: G | C80: G1 | D80: G1 | E80: N/A | F80: N/A | G80: N/A | H80: N/A | I80: G3 | J80: G4 | K80: G4 | L80: N/A | M80: N/A
A81: Tijuana | B81: H | C81: N/A | D81: N/A | E81: N/A | F81: N/A | G81: N/A | H81: N/A | I81: N/A | J81: N/A | K81: N/A | L81: H4 | M81: H5
A82: Altamira | B82: I | C82: I1 | D82: I1 | E82: I2 | F82: I2 | G82: I2 | H82: I2 | I82: I3 | J82: I4 | K82: I4 | L82: I4 | M82: I5
A83: Manzanillo | B83: J | C83: J1 | D83: J1 | E83: J2 | F83: J2 | G83: J2 | H83: J2 | I83: J3 | J83: J4 | K83: J4 | L83: J4 | M83: J5
A86: TABLAS DE CORRELACION ADUANAS POR SUCURSAL
B87: SUCURSAL | C87: Chihuahua | D87: Juarez | E87: Saltillo | F87: Torreon | G87: Monterrey | H87: CDMX | I87: Puebla | J87: Nogales | K87: Hermosillo | L87: Mexicali | M87: Tijuana
A88: ADUANA | B88: # ZONA | C88: 1 | D88: 1 | E88: 2 | F88: 2 | G88: 2 | H88: 2 | I88: 3 | J88: 4 | K88: 4 | L88: 5 | M88: 5
A89: El Paso | B89: A | C89: El Paso | D89: El Paso | E89: Laredo | F89: Laredo | G89: Laredo | H89: Laredo | I89: Laredo | J89: Nogales | K89: Nogales | L89: Nogales | M89: San Diego
A90: Laredo | B90: B | C90: Cd. Juarez | D90: Cd. Juarez | E90: Monterrey | F90: Monterrey | G90: Monterrey | H90: Monterrey | I90: Monterrey | J90: El Paso | K90: El Paso | L90: San Diego | M90: Tijuana
A91: Nogales | B91: C | C91: Altamira | D91: Altamira | E91: Altamira | F91: Altamira | G91: Altamira | H91: Altamira | I91: El Paso | J91: Cd. Juarez | K91: Cd. Juarez | L91: Tijuana | M91: Altamira
A92: San Diego | B92: D | C92: Manzanillo | D92: Manzanillo | E92: Manzanillo | F92: Manzanillo | G92: Manzanillo | H92: Manzanillo | I92: Cd. Juarez | J92: Altamira | K92: Altamira | L92: Altamira | M92: Manzanillo
A93: Monterrey | B93: E | H93: AICM | I93: Altamira | J93: Manzanillo | K93: Manzanillo | L93: Manzanillo
A94: AICM | B94: F | I94: Manzanillo
A95: Cd. Juarez | B95: G | I95: AICM
A96: Tijuana | B96: H
A97: Altamira | B97: I
A98: Manzanillo | B98: J
A101: AGENCIA ADUANAL POR ZONA - SUC
A102: ADUANA | B102: ZONA | C102: CLAVE | D102: AGENCIA
A103: El Paso | B103: A | C103: A1, A3, A4 | D103: MARON
A104: Laredo | B104: B | C104: B2, B3 | D104: GRUPO 1780
A105: Nogales | B105: C | C105: C4 | D105: PRL
A106: San Diego | B106: D | C106: D5 | D106: SICA
A107: Monterrey | B107: E | C107: E2,E3 | D107: PALCO
A108: AICM | B108: F | C108: F3 | D108: PALCO
A109: Cd. Juarez | B109: G | C109: G1, G2, G3 | D109: MARON
A110: Tijuana | B110: H | C110: H4, H5 | D110: SICA
A111: Altamira | B111: I | C111: I1, I2, I3, I4, I5 | D111: PALCO
A112: Manzanillo | B112: J | C112: J1, J2, J3, J4, J5 | D112: ALIANZA

Sheet Fletes Impo
A1: Tarifarios de fletes de origen y fletes de importacion
A2: Versión | C2: Revisión | D2: Fecha de actualizacion
A3: 1 | C3: 1
A6: CARATULA DE EJERCICIO ACTUAL
A7: VALOR MERCANCIA | B7: CANTIDAD BULTOS | C7: PESO LBS | D7: TIPO EMBARQUE
A8: =GUIALOG!$P$55 -> 123590 | B8: =GUIALOG!$P$88 -> 3 | C8: =GUIALOG!$P$89 -> Embalaje URe | D8: =GUIALOG!S88 -> FTL 53´
A11: TIPOS DE TRANSPORTE
A12: FTL 53´
A13: RABON 20´
A14: 3.5 T
A15: CONSOLIDADO
A18: Sucursales | B18: ZONA # | C18: Proveedor | D18: # | E18: Aduanas | F18: Tipo de Aduana | G18: ZONA #
A19: Chihuahua | B19: 1 | C19: Dorner | D19: 0.01 | E19: El Paso | F19: Fronteriza | G19: X
A20: Juarez | B20: 1 | C20: Hytrol | D20: 0.02 | E20: Laredo | F20: Aerea | G20: Y
A21: Saltillo | B21: 2 | C21: Southworth | D21: 0.03 | E21: Nogales | F21: Maritima | G21: Z
A22: Torreon | B22: 2 | C22: MiR | D22: 0.04 | E22: San Diego | F22: Fronteriza
A23: Monterrey | B23: 2 | C23: UR | D23: 0.05 | E23: Monterrey | F23: El Paso | G23: A
A24: CDMX | B24: 2 | C24: Qimarox | D24: 0.06 | E24: AICM | F24: Laredo | G24: B
A25: Puebla | B25: 3 | C25: Intechmotion | D25: 0.07 | E25: Cd. Juarez | F25: Nogales | G25: C
A26: Nogales | B26: 4 | D26: 0.08 | E26: Tijuana | F26: San Diego | G26: D
A27: Hermosillo | B27: 4 | D27: 0.09 | E27: Altamira | F27: Aerea
A28: Mexicali | B28: 5 | D28: 0.1 | E28: Manzanillo | F28: Monterrey | G28: E
A29: Tijuana | B29: 5 | D29: 0.11 | F29: AICM | G29: F
D30: 0.12 | F30: Cd. Juarez | G30: G
F31: Tijuana | G31: H
F32: Maritima
F33: Altamira | G33: I
F34: Manzanillo | G34: J
A43: RUTAS IMPORTACION ADUANA-SUCURSAL DEDICADOS | F43: RUTAS IMPORTACION ADUANA-SUCURSAL CONSOLIDADO
A44: PROVEEDOR | B44: SUCURSAL DESTINO | C44: RUTA | D44: DEDICADO | F44: PROVEEDOR | G44: SUCURSAL DESTINO | H44: RUTA | I44: CONSOLIDADO
A45: El Paso | B45: Chihuahua | C45: =CONCATENATE(A45,B45,) -> El PasoChihuahua | F45: El Paso | G45: Chihuahua | H45: =CONCATENATE(F45,G45,) -> El PasoChihuahua | I45: =2*4 -> 8
A46: El Paso | B46: Juarez | C46: =CONCATENATE(A46,B46,) -> El PasoJuarez | F46: El Paso | G46: Juarez | H46: =CONCATENATE(F46,G46,) -> El PasoJuarez | I46: 15
A47: El Paso | B47: Puebla | C47: =CONCATENATE(A47,B47,) -> El PasoPuebla | F47: El Paso | G47: Puebla | H47: =CONCATENATE(F47,G47,) -> El PasoPuebla | I47: 135
A48: El Paso | B48: Nogales | C48: =CONCATENATE(A48,B48,) -> El PasoNogales | F48: El Paso | G48: Nogales | H48: =CONCATENATE(F48,G48,) -> El PasoNogales | I48: 4741
A49: El Paso | B49: Hermosillo | C49: =CONCATENATE(A49,B49,) -> El PasoHermosillo | F49: El Paso | G49: Hermosillo | H49: =CONCATENATE(F49,G49,) -> El PasoHermosillo | I49: 4
A50: Laredo | B50: Saltillo | C50: =CONCATENATE(A50,B50,) -> LaredoSaltillo | F50: Laredo | G50: Saltillo | H50: =CONCATENATE(F50,G50,) -> LaredoSaltillo | I50: 158
A51: Laredo | B51: Torreon | C51: =CONCATENATE(A51,B51,) -> LaredoTorreon | F51: Laredo | G51: Torreon | H51: =CONCATENATE(F51,G51,) -> LaredoTorreon | I51: 164
A52: Laredo | B52: Monterrey | C52: =CONCATENATE(A52,B52,) -> LaredoMonterrey | F52: Laredo | G52: Monterrey | H52: =CONCATENATE(F52,G52,) -> LaredoMonterrey | I52: 46487
A53: Laredo | B53: CDMX | C53: =CONCATENATE(A53,B53,) -> LaredoCDMX | F53: Laredo | G53: CDMX | H53: =CONCATENATE(F53,G53,) -> LaredoCDMX | I53: 77
A54: Laredo | B54: Puebla | C54: =CONCATENATE(A54,B54,) -> LaredoPuebla | F54: Laredo | G54: Puebla | H54: =CONCATENATE(F54,G54,) -> LaredoPuebla | I54: 999
A55: Nogales | B55: Nogales | C55: =CONCATENATE(A55,B55,) -> NogalesNogales | F55: Nogales | G55: Nogales | H55: =CONCATENATE(F55,G55,) -> NogalesNogales | I55: 7785
A56: Nogales | B56: Hermosillo | C56: =CONCATENATE(A56,B56,) -> NogalesHermosillo | F56: Nogales | G56: Hermosillo | H56: =CONCATENATE(F56,G56,) -> NogalesHermosillo | I56: 751
A57: Nogales | B57: Mexicali | C57: =CONCATENATE(A57,B57,) -> NogalesMexicali | F57: Nogales | G57: Mexicali | H57: =CONCATENATE(F57,G57,) -> NogalesMexicali | I57: 751
... A70: Manzanillo | B70: Sucursales | C70: =CONCATENATE(A70,B70,) -> ManzanilloSucursales | F70: Manzanillo | G70: Sucursales | H70: =CONCATENATE(F70,G70,) -> ManzanilloSucursales | I70: 751
A77: RUTAS IMPORTACION ADUANA-SUCURSAL
A78: ADUANA | B78: SUCURSAL DESTINO | C78: RUTA | D78: FTL 53´ | E78: RABON 20´ | F78: 3.5 T | G78: CONSOLIDADO
A79: El Paso | B79: Chihuahua | C79: =CONCATENATE(A79,B79,) -> El PasoChihuahua | D79: 850 | E79: 650 | F79: 550 | G79: 350
A80: El Paso | B80: Juarez | C80: =CONCATENATE(A80,B80,) -> El PasoJuarez | D80: 150 | E80: 100 | F80: 100 | G80: 150
A81: El Paso | B81: Puebla | C81: =CONCATENATE(A81,B81,) -> El PasoPuebla | D81: 1650 | E81: 1350 | F81: 1100 | G81: 700
A82: El Paso | B82: Nogales | C82: =CONCATENATE(A82,B82,) -> El PasoNogales | D82: 1650 | E82: 1350 | F82: 1100 | G82: 450
A83: El Paso | B83: Hermosillo | C83: =CONCATENATE(A83,B83,) -> El PasoHermosillo | D83: 1850 | E83: 1550 | F83: 1300 | G83: 450
A84: Laredo | B84: Saltillo | C84: =CONCATENATE(A84,B84,) -> LaredoSaltillo | D84: 950 | E84: 750 | F84: 750 | G84: 350
A85: Laredo | B85: Torreon | C85: =CONCATENATE(A85,B85,) -> LaredoTorreon | D85: 1150 | E85: 950 | F85: 750 | G85: 350
A86: Laredo | B86: Monterrey | C86: =CONCATENATE(A86,B86,) -> LaredoMonterrey | D86: 750 | E86: 650 | F86: 550 | G86: 350
A87: Laredo | B87: CDMX | C87: =CONCATENATE(A87,B87,) -> LaredoCDMX | D87: 1650 | E87: 1350 | F87: 1100 | G87: 700
A88: Laredo | B88: Puebla | C88: =CONCATENATE(A88,B88,) -> LaredoPuebla | D88: 1850 | E88: 1550 | F88: 1300 | G88: 700
A89: Nogales | B89: Nogales | C89: =CONCATENATE(A89,B89,) -> NogalesNogales | D89: 350 | E89: 350 | F89: 250 | G89: 150
A90: Nogales | B90: Hermosillo | C90: =CONCATENATE(A90,B90,) -> NogalesHermosillo | D90: 850 | E90: 650 | F90: 550 | G90: 350
... A104: Manzanillo | B104: Sucursales | C104: =CONCATENATE(A104,B104,) -> ManzanilloSucursales | D104: 3500 | E104: 2500 | F104: 1900 | G104: 850
A183: TARIFARIOS DE FLETES DEDICADOS ORIGEN-PROVEEDOR
A184: Proveedor | B184: Tipo de Unidad | C184: El Paso TX | D184: Laredo TX | E184: San diego CA
A185: HYTROL | B185: 53 | C185: 0 | D185: 0 | E185: 0
A186: HYTROL | B186: 20 | C186: 0 | D186: 0 | E186: 0
A187: HYTROL | B187: 3.5 | C187: 0 | D187: 0 | E187: 0
A188: Proveedor | B188: Tipo de Unidad | C188: El Paso TX | D188: Laredo TX | E188: San diego CA
A189: SOUTHWORTH | B189: 53 | C189: 0 | D189: 0 | E189: 0
A190: SOUTHWORTH | B190: 20 | C190: 0 | D190: 0 | E190: 0
A191: SOUTHWORTH | B191: 3.5 | C191: 0 | D191: 0 | E191: 0
A192: Proveedor | B192: Tipo de Unidad | C192: El Paso TX | D192: Laredo TX | E192: San diego CA
A193: DORNER | B193: 53 | C193: 0 | D193: 0 | E193: 0
A194: DORNER | B194: 20 | C194: 0 | D194: 0 | E194: 0
A195: DORNER | B195: 3.5 | C195: 0 | D195: 0 | E195: 0
A196: Proveedor | B196: Tipo de Unidad | C196: El Paso TX | D196: Laredo TX | E196: San diego CA
A197: INTECHMOTION | B197: 53 | C197: 0 | D197: 0 | E197: 0
A198: INTECHMOTION | B198: 20 | C198: 0 | D198: 0 | E198: 0
A199: INTECHMOTION | B199: 3.5 | C199: 0 | D199: 0 | E199: 0
A200: Proveedor | B200: Cantidad equipos | C200: Region 7
A201: UR | B201: 1 | C201: =787+221 -> 1008
A202: UR | B202: 2 | C202: =$C$201*B202 -> 2016
A203: UR | B203: 3 | C203: =$C$201*B203 -> 3024
A204: UR | B204: 4 | C204: =$C$201*B204 -> 4032
A205: UR | B205: 5 | C205: =$C$201*B205 -> 5040
A206: UR | B206: 6 | C206: =$C$201*B206 -> 6048
A207: MIR
A208: MIR
A209: MIR
A210: MIR
A212: QIMAROX

Sheet Fletes Proveedor
A1: Tarifarios de fletes de origen y fletes de importacion
A2: Versión | C2: Revisión | D2: Fecha de actualizacion
A3: 1 | C3: 1
A5: CARATULA DE EJERCICIO ACTUAL
A6: VALOR MERCANCIA | B6: CANTIDAD BULTOS | C6: PESO LBS | D6: TIPO EMBARQUE
A7: =GUIALOG!$P$55 -> 123590 | B7: =GUIALOG!$P$88 -> 3 | C7: =GUIALOG!$P$89 -> Embalaje URe | D7: =GUIALOG!P87 -> RABON 20´
A10: TIPOS DE TRANSPORTE
A11: FTL 53´
A12: RABON 20´
A13: 3.5 T
A14: CONSOLIDADO
A17: Sucursales | B17: ZONA # | C17: Proveedor | D17: # | E17: Aduanas | F17: Tipo de Aduana | G17: ZONA #
A18: Chihuahua | B18: 1 | C18: Dorner | D18: 0.01 | E18: El Paso | F18: Fronteriza | G18: X
A19: Juarez | B19: 1 | C19: Hytrol | D19: 0.02 | E19: Laredo | F19: Aerea | G19: Y
A20: Saltillo | B20: 2 | C20: Southworth | D20: 0.03 | E20: Nogales | F20: Maritima | G20: Z
A21: Torreon | B21: 2 | C21: MiR | D21: 0.04 | E21: San Diego | F21: Fronteriza
A22: Monterrey | B22: 2 | C22: UR | D22: 0.05 | E22: Monterrey | F22: El Paso | G22: A
A23: CDMX | B23: 2 | C23: Qimarox | D23: 0.06 | E23: AICM | F23: Laredo | G23: B
A24: Puebla | B24: 3 | C24: Intechmotion | D24: 0.07 | E24: Cd. Juarez | F24: Nogales | G24: C
A25: Nogales | B25: 4 | D25: 0.08 | E25: Tijuana | F25: San Diego | G25: D
A26: Hermosillo | B26: 4 | D26: 0.09 | E26: Altamira | F26: Aerea
A27: Mexicali | B27: 5 | D27: 0.1 | E27: Manzanillo | F27: Monterrey | G27: E
A28: Tijuana | B28: 5 | D28: 0.11 | F28: AICM | G28: F
D29: 0.12 | F29: Cd. Juarez | G29: G
F30: Tijuana | G30: H
F31: Maritima
F32: Altamira | G32: I
F33: Manzanillo | G33: J
A40: RANGO DE PESO
A41: DEDICADO
A42: Embalaje MIR250
A43: Embalaje MIR600
A44: Embalaje MIR1350
A45: Embalaje URe
A46: Embalaje UR20
A47: 100
A48: 200
A49: 300
A50: 400
A51: 500
A52: 600
A53: 700
A54: 800
A55: 900
A56: 1000
A57: 1100
A58: 1200
... A86: 40000
A93: RUTAS FLETE PROVEEDOR-ADUANA
A94: PROVEEDOR | B94: ADUANA DESTINO | C94: RUTA | D94: FTL 53´ | E94: RABON 20´ | F94: 3.5 T | G94: CONSOLIDADO
A95: HYTROL | B95: El Paso | C95: =CONCATENATE(A95,B95,) -> HYTROLEl Paso | D95: 3150 | E95: 2650 | F95: 1950 | G95: =IF(($C$7=100),D137,IF(AND($C$7>100,$C$7<300),$C$7*E137,IF(AND($C$7>299,$C$7<500),$C$7*F137,IF(AND($C$7>499,$C$7<1000),$C$7*G137,IF(AND($C$7>999,$C$7<2000),$C$7*H137,IF(AND($C$7>1999,$C$7<5001),$C$7*I137,"PD")))))) -> PD
A96: HYTROL | B96: Laredo | C96: =CONCATENATE(A96,B96,) -> HYTROLLaredo | D96: 2150 | E96: 1750 | F96: 1650 | G96: =IF(($C$7=100),D138,IF(AND($C$7>100,$C$7<300),$C$7*E138,IF(AND($C$7>299,$C$7<500),$C$7*F138,IF(AND($C$7>499,$C$7<1000),$C$7*G138,IF(AND($C$7>999,$C$7<2000),$C$7*H138,IF(AND($C$7>1999,$C$7<5001),$C$7*I138,"PD")))))) -> PD
A97: HYTROL | B97: San Diego | C97: =CONCATENATE(A97,B97,) -> HYTROLSan Diego | D97: 3580 | E97: 3150 | F97: 2850 | G97: =IF(($C$7=100),D139,IF(AND($C$7>100,$C$7<300),$C$7*E139,IF(AND($C$7>299,$C$7<500),$C$7*F139,IF(AND($C$7>499,$C$7<1000),$C$7*G139,IF(AND($C$7>999,$C$7<2000),$C$7*H139,IF(AND($C$7>1999,$C$7<5001),$C$7*I139,"PD")))))) -> PD
A98: HYTROL | B98: Nogales | C98: =CONCATENATE(A98,B98,) -> HYTROLNogales | D98: 3580 | E98: 3150 | F98: 2850 | G98: =IF(($C$7=100),D140,IF(AND($C$7>100,$C$7<300),$C$7*E140,IF(AND($C$7>299,$C$7<500),$C$7*F140,IF(AND($C$7>499,$C$7<1000),$C$7*G140,IF(AND($C$7>999,$C$7<2000),$C$7*H140,IF(AND($C$7>1999,$C$7<5001),$C$7*I140,"PD")))))) -> PD
A99: SOUTHWORTH | B99: El Paso | C99: =CONCATENATE(A99,B99,) -> SOUTHWORTHEl Paso | D99: 3150 | E99: 2650 | F99: 1950 | G99: =IF(($C$7=100),D141,IF(AND($C$7>100,$C$7<300),$C$7*E141,IF(AND($C$7>299,$C$7<500),$C$7*F141,IF(AND($C$7>499,$C$7<1000),$C$7*G141,IF(AND($C$7>999,$C$7<2000),$C$7*H141,IF(AND($C$7>1999,$C$7<5001),$C$7*I141,"PD")))))) -> PD
A100: SOUTHWORTH | B100: Laredo | C100: =CONCATENATE(A100,B100,) -> SOUTHWORTHLaredo | D100: 2150 | E100: 1750 | F100: 1650 | G100: =IF(($C$7=100),D142,IF(AND($C$7>100,$C$7<300),$C$7*E142,IF(AND($C$7>299,$C$7<500),$C$7*F142,IF(AND($C$7>499,$C$7<1000),$C$7*G142,IF(AND($C$7>999,$C$7<2000),$C$7*H142,IF(AND($C$7>1999,$C$7<5001),$C$7*I142,"PD")))))) -> PD
A101: SOUTHWORTH | B101: San Diego | C101: =CONCATENATE(A101,B101,) -> SOUTHWORTHSan Diego | D101: 3580 | E101: 3150 | F101: 2850 | G101: =IF(($C$7=100),D143,IF(AND($C$7>100,$C$7<300),$C$7*E143,IF(AND($C$7>299,$C$7<500),$C$7*F143,IF(AND($C$7>499,$C$7<1000),$C$7*G143,IF(AND($C$7>999,$C$7<2000),$C$7*H143,IF(AND($C$7>1999,$C$7<5001),$C$7*I143,"PD")))))) -> PD
A102: SOUTHWORTH | B102: Nogales | C102: =CONCATENATE(A102,B102,) -> SOUTHWORTHNogales | D102: 3580 | E102: 3150 | F102: 2850 | G102: =IF(($C$7=100),D144,IF(AND($C$7>100,$C$7<300),$C$7*E144,IF(AND($C$7>299,$C$7<500),$C$7*F144,IF(AND($C$7>499,$C$7<1000),$C$7*G144,IF(AND($C$7>999,$C$7<2000),$C$7*H144,IF(AND($C$7>1999,$C$7<5001),$C$7*I144,"PD")))))) -> PD
A103: DORNER | B103: El Paso | C103: =CONCATENATE(A103,B103,) -> DORNEREl Paso | D103: 3550 | E103: 3250 | F103: 2550 | G103: =IF(($C$7=100),D145,IF(AND($C$7>100,$C$7<300),$C$7*E145,IF(AND($C$7>299,$C$7<500),$C$7*F145,IF(AND($C$7>499,$C$7<1000),$C$7*G145,IF(AND($C$7>999,$C$7<2000),$C$7*H145,IF(AND($C$7>1999,$C$7<5001),$C$7*I145,"PD")))))) -> PD
A104: DORNER | B104: Laredo | C104: =CONCATENATE(A104,B104,) -> DORNERLaredo | D104: 2950 | E104: 2650 | F104: 2350 | G104: =IF(($C$7=100),D146,IF(AND($C$7>100,$C$7<300),$C$7*E146,IF(AND($C$7>299,$C$7<500),$C$7*F146,IF(AND($C$7>499,$C$7<1000),$C$7*G146,IF(AND($C$7>999,$C$7<2000),$C$7*H146,IF(AND($C$7>1999,$C$7<5001),$C$7*I146,"PD")))))) -> PD
A105: DORNER | B105: San Diego | C105: =CONCATENATE(A105,B105,) -> DORNERSan Diego | D105: 4250 | E105: 3950 | F105: 3250 | G105: =IF(($C$7=100),D147,IF(AND($C$7>100,$C$7<300),$C$7*E147,IF(AND($C$7>299,$C$7<500),$C$7*F147,IF(AND($C$7>499,$C$7<1000),$C$7*G147,IF(AND($C$7>999,$C$7<2000),$C$7*H147,IF(AND($C$7>1999,$C$7<5001),$C$7*I147,"PD")))))) -> PD
A106: DORNER | B106: Nogales | C106: =CONCATENATE(A106,B106,) -> DORNERNogales | D106: 4250 | E106: 3950 | F106: 3250 | G106: =IF(($C$7=100),D148,IF(AND($C$7>100,$C$7<300),$C$7*E148,IF(AND($C$7>299,$C$7<500),$C$7*F148,IF(AND($C$7>499,$C$7<1000),$C$7*G148,IF(AND($C$7>999,$C$7<2000),$C$7*H148,IF(AND($C$7>1999,$C$7<5001),$C$7*I148,"PD")))))) -> PD
... A110: INTECHMOTION | B110: Nogales | C110: =CONCATENATE(A110,B110,) -> INTECHMOTIONNogales | D110: 4850 | E110: 4700 | F110: 3750 | G110: =IF(($C$7=100),D152,IF(AND($C$7>100,$C$7<300),$C$7*E152,IF(AND($C$7>299,$C$7<500),$C$7*F152,IF(AND($C$7>499,$C$7<1000),$C$7*G152,IF(AND($C$7>999,$C$7<2000),$C$7*H152,IF(AND($C$7>1999,$C$7<5001),$C$7*I152,"PD")))))) -> PD
A111: MIR | B111: El Paso | C111: =CONCATENATE(A111,B111,) -> MIREl Paso | D111: =D156 -> 3250 | E111: =E156 -> 2650 | F111: =F156 -> 1950 | G111: 250
A112: MIR | B112: Laredo | C112: =CONCATENATE(A112,B112,) -> MIRLaredo | D112: =D157 -> 3250 | E112: =E157 -> 2650 | F112: =F157 -> 1950 | G112: 250
A113: MIR | B113: San Diego | C113: =CONCATENATE(A113,B113,) -> MIRSan Diego | D113: =D158 -> 3250 | E113: =E158 -> 2650 | F113: =F158 -> 1950 | G113: 250
A114: MIR | B114: Nogales | C114: =CONCATENATE(A114,B114,) -> MIRNogales | D114: =D159 -> 3250 | E114: =E159 -> 2650 | F114: =F159 -> 1950 | G114: 250
A115: MIR | B115: Monterrey | C115: =CONCATENATE(A115,B115,) -> MIRMonterrey | D115: =D160 -> 3250 | E115: =E160 -> 2650 | F115: =F160 -> 1950 | G115: 250
A116: MIR | B116: AICM | C116: =CONCATENATE(A116,B116,) -> MIRAICM | D116: =D161 -> 3250 | E116: =E161 -> 2650 | F116: =F161 -> 1950 | G116: 250
A117: MIR | B117: Cd. Juarez | C117: =CONCATENATE(A117,B117,) -> MIRCd. Juarez | D117: =D162 -> 3250 | E117: =E162 -> 2650 | F117: =F162 -> 1950 | G117: 250
A118: MIR | B118: Tijuana | C118: =CONCATENATE(A118,B118,) -> MIRTijuana | D118: =D163 -> 3250 | E118: =E163 -> 2650 | F118: =F163 -> 1950 | G118: 250
A119: UR | B119: El Paso | C119: =CONCATENATE(A119,B119,) -> UREl Paso | D119: =D167 -> 6586 | E119: =E167 -> 2764 | F119: =E119 -> 2764 | G119: 250
A120: UR | B120: Laredo | C120: =CONCATENATE(A120,B120,) -> URLaredo | D120: =D168 -> 6586 | E120: =E168 -> 2764 | F120: =E120 -> 2764 | G120: 250
A121: UR | B121: San Diego | C121: =CONCATENATE(A121,B121,) -> URSan Diego | D121: =D169 -> 6586 | E121: =E169 -> 2764 | F121: =E121 -> 2764 | G121: 250
A122: UR | B122: Nogales | C122: =CONCATENATE(A122,B122,) -> URNogales | D122: =D170 -> 6586 | E122: =E170 -> 2764 | F122: =E122 -> 2764 | G122: 250
A123: UR | B123: Monterrey | C123: =CONCATENATE(A123,B123,) -> URMonterrey | D123: =D171 -> 6586 | E123: =E171 -> 2764 | F123: =E123 -> 2764 | G123: 250
A124: UR | B124: AICM | C124: =CONCATENATE(A124,B124,) -> URAICM | D124: =D172 -> 6586 | E124: =E172 -> 2764 | F124: =E124 -> 2764 | G124: 250
A125: UR | B125: Cd. Juarez | C125: =CONCATENATE(A125,B125,) -> URCd. Juarez | D125: =D173 -> 6586 | E125: =E173 -> 2764 | F125: =E125 -> 2764 | G125: 250
A126: UR | B126: Tijuana | C126: =CONCATENATE(A126,B126,) -> URTijuana | D126: =D174 -> 6586 | E126: =E174 -> 2764 | F126: =E126 -> 2764 | G126: 250
A127: QIMAROX | B127: Altamira | C127: =CONCATENATE(A127,B127,) -> QIMAROXAltamira | D127: =D197 -> 0 | E127: =E197 -> 0 | F127: =F197 -> 0 | G127: N/A
A128: QIMAROX | B128: Manzanillo | C128: =CONCATENATE(A128,B128,) -> QIMAROXManzanillo | D128: =D198 -> 0 | E128: =E198 -> 0 | F128: =F198 -> 0 | G128: N/A
A129: QIMAROX | B129: El Paso | C129: =CONCATENATE(A129,B129,) -> QIMAROXEl Paso | D129: N/A | E129: N/A | F129: N/A | G129: 250
A130: QIMAROX | B130: Laredo | C130: =CONCATENATE(A130,B130,) -> QIMAROXLaredo | D130: N/A | E130: N/A | F130: N/A | G130: 250
A131: QIMAROX | B131: San Diego | C131: =CONCATENATE(A131,B131,) -> QIMAROXSan Diego | D131: N/A | E131: N/A | F131: N/A | G131: 250
A132: QIMAROX | B132: Nogales | C132: =CONCATENATE(A132,B132,) -> QIMAROXNogales | D132: N/A | E132: N/A | F132: N/A | G132: 250
A135: TARIFARIOS DE FLETES CONSOLIDADOS ORIGEN-PROVEEDOR
A136: PROVEEDOR | B136: SUCURSAL DESTINO | C136: RUTA | D136: Min. Charge | E136: 100 - 299 lbs | F136: 300 - 499 lbs | G136: 500 - 999 lbs | H136: 1000 - 2000 lbs | I136: 2000 lbs +
A137: HYTROL | B137: El Paso | C137: =CONCATENATE(A137,B137,) -> HYTROLEl Paso | D137: 231 | E137: 1.078 | F137: 0.938 | G137: 0.756 | H137: 0.574 | I137: 0.504
A138: HYTROL | B138: Laredo | C138: =CONCATENATE(A138,B138,) -> HYTROLLaredo | D138: 231 | E138: 1.022 | F138: 0.882 | G138: 0.7 | H138: 0.518 | I138: 0.462
A139: HYTROL | B139: San Diego | C139: =CONCATENATE(A139,B139,) -> HYTROLSan Diego | D139: 245 | E139: 1.33 | F139: 1.19 | G139: 1.022 | H139: 0.77 | I139: 0.7
A140: HYTROL | B140: Nogales | C140: =CONCATENATE(A140,B140,) -> HYTROLNogales | D140: 245 | E140: 1.33 | F140: 1.19 | G140: 1.022 | H140: 0.77 | I140: 0.7
A141: SOUTHWORTH | B141: El Paso | C141: =CONCATENATE(A141,B141,) -> SOUTHWORTHEl Paso | D141: 231 | E141: 1.078 | F141: 0.938 | G141: 0.756 | H141: 0.574 | I141: 0.504
A142: SOUTHWORTH | B142: Laredo | C142: =CONCATENATE(A142,B142,) -> SOUTHWORTHLaredo | D142: 231 | E142: 1.022 | F142: 0.882 | G142: 0.7 | H142: 0.518 | I142: 0.462
A143: SOUTHWORTH | B143: San Diego | C143: =CONCATENATE(A143,B143,) -> SOUTHWORTHSan Diego | D143: 245 | E143: 1.33 | F143: 1.19 | G143: 1.022 | H143: 0.77 | I143: 0.7
A144: SOUTHWORTH | B144: Nogales | C144: =CONCATENATE(A144,B144,) -> SOUTHWORTHNogales | D144: 245 | E144: 1.33 | F144: 1.19 | G144: 1.022 | H144: 0.77 | I144: 0.7
A145: DORNER | B145: El Paso | C145: =CONCATENATE(A145,B145,) -> DORNEREl Paso | D145: 277.2 | E145: 1.2936 | F145: 1.1256 | G145: 0.9072 | H145: 0.6888 | I145: 0.6048
A146: DORNER | B146: Laredo | C146: =CONCATENATE(A146,B146,) -> DORNERLaredo | D146: 277.2 | E146: 1.2264 | F146: 1.0584 | G146: 0.84 | H146: 0.6216 | I146: 0.5544
A147: DORNER | B147: San Diego | C147: =CONCATENATE(A147,B147,) -> DORNERSan Diego | D147: 294 | E147: 1.596 | F147: 1.428 | G147: 1.2264 | H147: 0.924 | I147: 0.84
A148: DORNER | B148: Nogales | C148: =CONCATENATE(A148,B148,) -> DORNERNogales | D148: 294 | E148: 1.596 | F148: 1.428 | G148: 1.2264 | H148: 0.924 | I148: 0.84
... A152: INTECHMOTION | B152: Nogales | C152: =CONCATENATE(A152,B152,) -> INTECHMOTIONNogales | D152: 294 | E152: 1.596 | F152: 1.428 | G152: 1.2264 | H152: 0.924 | I152: 0.84
...

Sheet GUIALOG
A5: Instrucciones
A23: Seccion I. Informacion General
J29: Juarez
I30: Sucursal
J32: UR
I33: Proveedor | O33: INFORMACION SECCION I | S33: BUSQUEDA DE A.A.
O34: SUCURSAL | P34: =J29 -> Juarez | S34: COINCIDIR ADUANA (Fila) | T34: =MATCH($P$38,'Sucursal, Aduana, Proveedor'!A103:A112,0) -> 1
J35: Juarez | O35: DESTINO | P35: =J35 -> Juarez | S35: COINCIDIR A.A. (Columna) | T35: =MATCH($O$39,'Sucursal, Aduana, Proveedor'!A102:D102,0) -> 4
I36: Destino | O36: PROVEEDOR | P36: =J32 -> UR | S36: INDICE | T36: =INDEX('Sucursal, Aduana, Proveedor'!A103:D112,MATCH($P$38,'Sucursal, Aduana, Proveedor'!A103:A112,0),MATCH($O$39,'Sucursal, Aduana, Proveedor'!A102:D102,0)) -> MARON
O37: TIPO DE RUTA
J38: El Paso | O38: ADUANA | P38: =J38 -> El Paso | S38: BUSQUEDA DE ADUANA
I39: Aduana Impo | O39: AGENCIA | P39: =IF(P38='Sucursal, Aduana, Proveedor'!A103,'Sucursal, Aduana, Proveedor'!D103,(IF(P38='Sucursal, Aduana, Proveedor'!A104,'Sucursal, Aduana, Proveedor'!D104,(IF(P38='Sucursal, Aduana, Proveedor'!A105,'Sucursal, Aduana, Proveedor'!D105,(IF(P38='Sucursal, Aduana, Proveedor'!A106,'Sucursal, Aduana, Proveedor'!D106,(IF(P38='Sucursal, Aduana, Proveedor'!A107,'Sucursal, Aduana, Proveedor'!D107,(IF(P38='Sucursal, Aduana, Proveedor'!A108,'Sucursal, Aduana, Proveedor'!D108,(IF(P38='Sucursal, Aduana, Proveedor'!A109,'Sucursal, Aduana, Proveedor'!D109,(IF(P38='Sucursal, Aduana, Proveedor'!A110,'Sucursal, Aduana, Proveedor'!D110,(IF(P38='Sucursal, Aduana, Proveedor'!A111,'Sucursal, Aduana, Proveedor'!D111,(IF(P38='Sucursal, Aduana, Proveedor'!A112,'Sucursal, Aduana, Proveedor'!D112,"P/D"))))))))))))))))))) -> MARON | S39: COINCIDIR ADUANA (Fila) | T39: =MATCH($P$38,'Sucursal, Aduana, Proveedor'!A103:A117,0) -> 1
S40: COINCIDIR A.A. (Columna) | T40: =MATCH($O$39,'Sucursal, Aduana, Proveedor'!A107:D107,0) -> #N/A
S41: INDICE | T41: =INDEX('Sucursal, Aduana, Proveedor'!A108:D117,MATCH($P$38,'Sucursal, Aduana, Proveedor'!A108:A117,0),MATCH($O$39,'Sucursal, Aduana, Proveedor'!A107:D107,0)) -> #N/A
A44: Seccion II. Informacion de Mercancias
O49: INFORMACION SECCION II | S49: BUSQUEDA DE IGI
O50: SUCURSAL | P50: =P34 -> Juarez | S50: COINCIDIR MATERIAL (Fila) | T50: =MATCH($P$54,'Fraccion Arancelaria'!$D$10:$D$119,0) -> 3
J51: =P53 -> UR | O51: ADUANA | P51: =P38 -> El Paso | S51: COINCIDIR IGI (Columna) | T51: =MATCH($O$56,'Fraccion Arancelaria'!$D$9:E9,0) -> 2
I52: Proveedor | O52: A.A. | P52: =P39 -> MARON | S52: INDICE | T52: =INDEX('Fraccion Arancelaria'!$D$10:$E$119,MATCH($P$54,'Fraccion Arancelaria'!$D$10:$D$119,0),2) -> 0.15
O53: PROVEEDOR | P53: =P36 -> UR
J54: Robot industrial para manipulación de mercancia con sus accesorios | O54: PRODUCTO | P54: =J54 -> Robot industrial para manipulación de mercancia con sus accesorios
I55: Mercancía | O55: VALOR MERCANCIA | P55: =J57 -> 123590
O56: TASA IGI | P56: =T52 -> 0.15
J57: 123590 | O57: CERTIFICADO ORIGEN | P57: =J60 -> SI
I58: Valor Mcia.
J60: SI
I61: C.O.
J63: =P56 -> 0.15
I64: IGI
A68: Seccion III. Informacion de Transporte (Costo 1 & 2)
J74: =S83 -> UR
I75: Remitente
J77: =S80 -> Juarez
I78: Suc. Destino | O78: INFORMACION SECCION III A | R78: INFORMACION SECCION III B | U78: BUSQUEDA DE COSTO TRANSPORTE 1
O79: SUCURSAL | P79: =P50 -> Juarez | R79: SUCURSAL | S79: =P79 -> Juarez | U79: COINCIDIR ADUANA/SUCURSAL | V79: =MATCH($P$84,'Fletes Proveedor'!C95:C128,0) -> 25
J80: =S84 -> Robot industrial para manipulación de mercancia con sus accesorios | O80: ADUANA | P80: =P51 -> El Paso | R80: DESTINO | S80: =P35 -> Juarez | U80: COINCIDIR TIPO TRANSPORTE | V80: =MATCH($P$87,'Fletes Proveedor'!D94:G94,0) -> 2
I81: Mercancía | O81: A.A. | P81: =P52 -> MARON | R81: ADUANA | S81: =P80 -> El Paso | U81: INDICE | V81: =INDEX('Fletes Proveedor'!D95:G128,MATCH($P$84,'Fletes Proveedor'!C95:C128,0),MATCH($P$87,'Fletes Proveedor'!D94:G94,0)) -> 2764
O82: PROVEEDOR | P82: =P53 -> UR | R82: A.A. | S82: =P81 -> MARON
J83: Embalaje URe | O83: PRODUCTO | P83: =P54 -> Robot industrial para manipulación de mercancia con sus accesorios | R83: PROVEEDOR | S83: =P82 -> UR
I84: Peso Libras | O84: RUTA | P84: =CONCATENATE(P82,P80) -> UREl Paso | R84: PRODUCTO | S84: =P83 -> Robot industrial para manipulación de mercancia con sus accesorios
O85: TIPO DE EMBARQUE | P85: =IF(J83>5000,"DEDICADO",IF(J86>7,"DEDICADO",IF(J83="DEDICADO","DEDICADO","CONSOLIDADO"))) -> DEDICADO | R85: RUTA | S85: =IF((S81="Altamira"),"Altamirasucursales",IF((S81="Manzanillo"),"Manzanillosucursales",(CONCATENATE(S81,S79)))) -> El PasoJuarez | U85: BUSQUEDA DE COSTO TRANSPORTE 2
J86: 3 | O86: NOTA IMPO PARTES | P86: =IF(AND(J83<200,J86=1),"pequeñaimportacion",P85) -> DEDICADO | R86: TIPO DE EMBARQUE | S86: =IF(P85="DEDICADO","DEDICADO","CONSOLIDADO") -> DEDICADO | U86: COINCIDIR ADUANA/SUCURSAL | V86: =MATCH($S$85,'Fletes Impo'!C79:C104,0) -> 2
I87: Cantidad bultos | O87: TIPO DE TRANSPORTE | P87: =IF(AND(P85="DEDICADO",P89="Embalaje MIR250"),'Fletes Proveedor'!$A$13,IF(AND(P85="DEDICADO",P89="Embalaje MIR600"),'Fletes Proveedor'!$A$12,IF(AND(P85="DEDICADO",P89="Embalaje MIR1350"),'Fletes Proveedor'!$A$11,IF(AND(P85="DEDICADO",P89="Embalaje URe"),'Fletes Proveedor'!$A$12,IF(AND(P85="DEDICADO",P89="Embalaje UR20"),'Fletes Proveedor'!$A$11,IF(AND(P85="DEDICADO",P89>9000),'Fletes Proveedor'!$A$11,IF(AND(P85="DEDICADO",P89<10000,P89>7000),'Fletes Proveedor'!$A$12,IF(AND(P85="DEDICADO",P89<8000,P89>2000),'Fletes Proveedor'!$A$13,'Fletes Proveedor'!$A$14)))))))) -> RABON 20´ | R87: NOTA IMPO PARTES | S87: =IF(AND(J83<200,J86=1),"pequeñaimportacion",S86) -> DEDICADO | U87: COINCIDIR TIPO TRANSPORTE | V87: =MATCH($S$88,'Fletes Impo'!D78:G78,0) -> 1
O88: CANTIDAD BULTOS | P88: =J86 -> 3 | R88: TIPO DE TRANSPORTE | S88: =IF(AND(S86="DEDICADO",S90="MIR250"),'Fletes Proveedor'!$A$13,IF(AND(S86="DEDICADO",S90="MIR600"),'Fletes Proveedor'!$A$12,IF(AND(S86="DEDICADO",S90="MIR1350"),'Fletes Proveedor'!$A$11,IF(AND(S86="DEDICADO",S90>15000),'Fletes Proveedor'!$A$11,IF(AND(S86="DEDICADO",S90<15000,S90>7000),'Fletes Proveedor'!$A$12,IF(AND(S86="DEDICADO",S90<7000,S90>2000),'Fletes Proveedor'!$A$13,'Fletes Proveedor'!$A$14)))))) -> FTL 53´ | U88: INDICE | V88: =INDEX('Fletes Impo'!D79:G104,MATCH($S$85,'Fletes Impo'!C79:C104,0),MATCH($S$88,'Fletes Impo'!D78:G78,0)) -> 150
O89: PESO LBS | P89: =J83 -> Embalaje URe | R89: CANTIDAD BULTOS | S89: =P88 -> 3
O90: NUMERO DE CAMIONES | P90: =IF(AND(P88>30,P88<61),2,IF(AND(P88>61,P88<91),3,IF(AND(P88>91,P88<121),4,1))) -> 1 | R90: PESO LBS | S90: =P89 -> Embalaje URe
O91: CALCULO DEDICADO | P91: =V81 -> 2764 | R91: COSTO MANUAL
O92: CALCULO CONSOLIDADO | P92: =V81 -> 2764 | R92: NUMERO DE CAMIONES | S92: =P90 -> 1
O93: VALIDACION CON/DED | P93: =IF(AND(P86="pequeñaimportacion",P55<1000),(P55*0.12),IF(P85="dedicado",P91,IF(P85="consolidado",P92,"PD"))) -> 2764 | R93: CRUCE FRONTERIZO | S93: =IF(S89=0,0,130) -> 130
O94: TOTAL FLETE PROVEEDOR | P94: =IF(P88=0,0,P93*P90) -> 2764 | R94: CALCULO DEDICADO | S94: =V88 -> 150
R95: CALCULO CONSOLIDADO | S95: =V88 -> 150
R96: VALIDACION CON/DED | S96: =IF(AND(S87="pequeñaimportacion",P55<1000),($P$55*0.12),IF(S86="dedicado",S94,IF(S86="consolidado",S95,"PD"))) -> 150
O97: CORREGIR FORMULA CONSOLIDADO | R97: TOTAL FLETE IMPO | S97: =IF(S89=0,0,S96*S92)+(S93*S92) -> 280
A99: Seccion IV. Bodega y Almacen Recinto (Costo 3)
J106: =P110 -> UR | O106: INFORMACION SECCION IV | S106: BUSQUEDA DE COSTO BODEGA
I107: Proveedor | O107: SUCURSAL | P107: =S79 -> Juarez | S107: COINCIDIR ADUANA/BODEGA | T107: =MATCH($P$108,'Bodega, Recinto, A.A.'!A29:A38,0) -> 1
O108: ADUANA | P108: =S81 -> El Paso | S108: COINCIDIR TIPO TRANSPORTE
J109: =P111 -> Robot industrial para manipulación de mercancia con sus accesorios | O109: A.A. | P109: =S82 -> MARON | S109: INDICE | T109: =INDEX('Bodega, Recinto, A.A.'!A12:E21,MATCH($P$108,'Bodega, Recinto, A.A.'!A29:A38,0),5) -> 400
I110: Mercancía | O110: PROVEEDOR | P110: =S83 -> UR
O111: PRODUCTO | P111: =S84 -> Robot industrial para manipulación de mercancia con sus accesorios
J112: =P114 -> 3 | O112: TIPO DE EMBARQUE | P112: =S86 -> DEDICADO
I113: Cantidad Bultos | O113: TIPO DE TRANSPORTE | P113: =S88 -> FTL 53´
O114: CANTIDAD BULTOS | P114: =S89 -> 3
O115: PESO LBS | P115: =S90 -> Embalaje URe
O116: NUMERO DE CAMIONES | P116: =S92 -> 1
O117: CALCULO | P117: =T109 -> 400
O118: TOTAL BODEGA Y RECINTO | P118: =P117 -> 400
A123: Seccion V. Honorarios A.A. e Impuestos (Costo 4 & 5)
O129: INFORMACION SECCION V | S129: BUSQUEDA DE COSTO AGENTE ADUANAL
J130: =P135 -> 123590 | O130: SUCURSAL | P130: =P107 -> Juarez | S130: COINCIDIR ADUANA/AGENTE | T130: =MATCH($P$108,'Bodega, Recinto, A.A.'!A45:A54,0) -> 1
I131: Valor Mercancia | O131: ADUANA | P131: =P108 -> El Paso | S131: COINCIDIR TIPO TRANSPORTE
O132: A.A. | P132: =P109 -> MARON | S132: INDICE | T132: =INDEX('Bodega, Recinto, A.A.'!A45:E54,MATCH($P$131,'Bodega, Recinto, A.A.'!A45:A54,0),5) -> 552.565
J133: =P138 -> SI | O133: PROVEEDOR | P133: =P110 -> UR
I134: Certif. de Origen | O134: PRODUCTO | P134: =P87 -> RABON 20´
O135: VALOR MERCANCIA | P135: =P55 -> 123590
J136: =P137 -> 0.15 | O136: VALOR ADUANA | P136: =P135+S97 -> 123870
I137: IGI | O137: TASA IGI | P137: =P56 -> 0.15
O138: CERTIFICADO ORIGEN | P138: =P57 -> SI
O139: DTA | P139: =IF(P138="NO",(P136*0.008)+15,20+15) -> 35
O140: IGI | P140: =(P137*P136) -> 18580.5
O141: TOTAL HONORARIOS A.A. | P141: =T132 -> 552.565
O142: TOTAL IMPUESTOS | P142: =IF(P138="SI",20+15,(P136*0.008)+15+(P136*P137)) -> 35
A148: Seccion VI. Resumen de Costo Logistico
J155: =P156 -> 2764 | O155: TABLERO DE RESULTADOS
I156: Flete Origen | O156: FLETE PROVEEDOR | P156: =P94 -> 2764
O157: BODEGA Y RECINTO | P157: =P118 -> 400
J158: =P157 -> 400 | O158: FLETE DE IMPORTACION | P158: =S97 -> 280
I159: Bod & Rec | O159: HONORARIOS A.A. | P159: =P141 -> 552.565
O160: IMPUESTOS | P160: =P142 -> 35
J161: =P158 -> 280 | O161: COSTO LOGISTICO | P161: =SUM(P156:P160) -> 4031.565
I162: Flete Impo
J164: =P159 -> 552.565
I165: Honorario AA
J167: =P160 -> 35
I168: Impuesto

Sheet NOTAS
B4: NOTAS:
B5: 1 | C5: Instrucciones de envio inbond
B6: 2 | C6: Instrucciones envio para importacion consolidada
B7: 3 | C7: *Revisar importaciones por marca para cumplir con el CLOG
B8: 4
B9: 5
B10: 6
B11: 7
B12: 8
B13: 9
B14: 10
B15: 11
B16: 12
B17: 13
B18: 14
B19: 15
